<?xml version="1.0" encoding="UTF-8"?>
<!--
  ~ Asset Share Commons
  ~
  ~ Copyright [2017]  Adobe
  ~
  ~ Licensed under the Apache License, Version 2.0 (the "License");
  ~ you may not use this file except in compliance with the License.
  ~ You may obtain a copy of the License at
  ~
  ~     http://www.apache.org/licenses/LICENSE-2.0
  ~
  ~ Unless required by applicable law or agreed to in writing, software
  ~ distributed under the License is distributed on an "AS IS" BASIS,
  ~ WITHOUT WARRANTIES OR CONDITIONS OF ANY KIND, either express or implied.
  ~ See the License for the specific language governing permissions and
  ~ limitations under the License.
  -->

<jcr:root xmlns:sling="http://sling.apache.org/jcr/sling/1.0" xmlns:cq="http://www.day.com/jcr/cq/1.0"
          xmlns:jcr="http://www.jcp.org/jcr/1.0" xmlns:nt="http://www.jcp.org/jcr/nt/1.0"
          jcr:primaryType="nt:unstructured"
          jcr:title="User Menu"
          sling:resourceType="cq/gui/components/authoring/dialog">
    <content
            jcr:primaryType="nt:unstructured"
            sling:resourceType="granite/ui/components/coral/foundation/container">
        <items jcr:primaryType="nt:unstructured">
            <tabs
                    jcr:primaryType="nt:unstructured"
                    sling:resourceType="granite/ui/components/coral/foundation/tabs">
                <items jcr:primaryType="nt:unstructured">
                    <login
                            jcr:primaryType="nt:unstructured"
                            jcr:title="User Menu"
                            sling:resourceType="granite/ui/components/coral/foundation/fixedcolumns"
                            margin="{Boolean}true">
                        <items jcr:primaryType="nt:unstructured">
                            <column
                                    jcr:primaryType="nt:unstructured"
                                    sling:resourceType="granite/ui/components/coral/foundation/container">
                                <items jcr:primaryType="nt:unstructured">
                                    <greeting
                                            jcr:primaryType="nt:unstructured"
                                            sling:resourceType="granite/ui/components/coral/foundation/form/textfield"
                                            emptyText="Hello, "
                                            fieldDescription="Text to display next to user name."
                                            fieldLabel="Greeting"
                                            name="./greeting"/>
                                    <login-label
                                            jcr:primaryType="nt:unstructured"
                                            sling:resourceType="granite/ui/components/coral/foundation/form/textfield"
                                            required="{Boolean}true"
                                            emptyText="Log in"
                                            fieldDescription="Log in link label."
                                            fieldLabel="Log In Label"
                                            name="./logInLabel"/>
                                    <login-url
                                            jcr:primaryType="nt:unstructured"
                                            sling:resourceType="granite/ui/components/coral/foundation/form/pathfield"
                                            required="{Boolean}true"
                                            fieldDescription="Path to log in page."
                                            fieldLabel="Log In Page"
                                            rootPath="/content"
                                            name="./logInLink"/>
                                    <logout-label
                                            jcr:primaryType="nt:unstructured"
                                            sling:resourceType="granite/ui/components/coral/foundation/form/textfield"
                                            required="{Boolean}true"
                                            emptyText="Log out"
                                            fieldDescription="Log out link label."
                                            fieldLabel="Log Out Label"
                                            name="./logOutLabel"/>
                                    <logout-url
                                            jcr:primaryType="nt:unstructured"
                                            sling:resourceType="granite/ui/components/coral/foundation/form/pathfield"
                                            required="{Boolean}true"
                                            fieldDescription="Path to log out page."
                                            fieldLabel="Log Out Page"
                                            rootPath="/content"
                                            name="./logOutLink"/>
                                </items>
                            </column>
                        </items>
                    </login>
                </items>
            </tabs>
        </items>
    </content>
</jcr:root>
