<?xml version="1.0" encoding="UTF-8"?>
<!--
  ~ Asset Share Commons
  ~
  ~ Copyright [2017]  Adobe
  ~
  ~ Licensed under the Apache License, Version 2.0 (the "License");
  ~ you may not use this file except in compliance with the License.
  ~ You may obtain a copy of the License at
  ~
  ~     http://www.apache.org/licenses/LICENSE-2.0
  ~
  ~ Unless required by applicable law or agreed to in writing, software
  ~ distributed under the License is distributed on an "AS IS" BASIS,
  ~ WITHOUT WARRANTIES OR CONDITIONS OF ANY KIND, either express or implied.
  ~ See the License for the specific language governing permissions and
  ~ limitations under the License.
  -->

<jcr:root xmlns:sling="http://sling.apache.org/jcr/sling/1.0" xmlns:cq="http://www.day.com/jcr/cq/1.0"
          xmlns:jcr="http://www.jcp.org/jcr/1.0" xmlns:nt="http://www.jcp.org/jcr/nt/1.0"
          jcr:primaryType="nt:unstructured">
    <tabs jcr:primaryType="nt:unstructured">
        <search-behavior
                jcr:primaryType="nt:unstructured"
                jcr:title="Search Behavior"
                sling:resourceType="granite/ui/components/coral/foundation/fixedcolumns"
                margin="{Boolean}true">
            <items jcr:primaryType="nt:unstructured">
                <column
                        jcr:primaryType="nt:unstructured"
                        sling:resourceType="granite/ui/components/coral/foundation/container">
                    <items jcr:primaryType="nt:unstructured">
                        <auto-search
                                jcr:primaryType="nt:unstructured"
                                sling:orderBefore="name"
                                sling:resourceType="granite/ui/components/coral/foundation/form/checkbox"
                                fieldDescription="Check this field to automatically apply this filter via a new search when this value is changed."
                                name="./autoSearch"
                                text="Auto-Search on Change"
                                value="true"/>
                        <update-method
                                jcr:primaryType="nt:unstructured"
                                sling:resourceType="granite/ui/components/coral/foundation/form/select"
                                fieldDescription="Allow this component to be updated after a search."
                                fieldLabel="Update on Search"
                                name="./updateMethod">
                            <items
                                    jcr:primaryType="nt:unstructured"
                                    sling:hideChildren="checkbox">
                                <never
                                        jcr:primaryType="nt:unstructured"
                                        text="Never"
                                        value=""/>
                                <replace
                                        jcr:primaryType="nt:unstructured"
                                        text="Replace"
                                        value="replace"/>
                            </items>
                        </update-method>
                    </items>
                </column>
            </items>
        </search-behavior>
    </tabs>
</jcr:root>
