<?xml version="1.0" encoding="UTF-8"?>
<jcr:root xmlns:sling="http://sling.apache.org/jcr/sling/1.0"
          xmlns:jcr="http://www.jcp.org/jcr/1.0"
          xmlns:nt="http://www.jcp.org/jcr/nt/1.0"
          xmlns:granite="http://www.adobe.com/jcr/granite/1.0"
          xmlns:cq="http://www.day.com/jcr/cq/1.0"
          jcr:primaryType="nt:unstructured"
          jcr:title="PDF"
          sling:resourceType="cq/gui/components/authoring/dialog"
          helpPath="https://opensource.adobe.com/asset-share-commons/pages/details/pdf/">
    <content
            jcr:primaryType="nt:unstructured"
            sling:resourceType="granite/ui/components/coral/foundation/container">
        <items jcr:primaryType="nt:unstructured">
            <tabs
                    jcr:primaryType="nt:unstructured"
                    sling:resourceType="granite/ui/components/coral/foundation/tabs"
                    maxmized="{Boolean}true">
                <items jcr:primaryType="nt:unstructured">
                    <general
                            jcr:primaryType="nt:unstructured"
                            jcr:title="Configuration"
                            sling:resourceType="granite/ui/components/coral/foundation/fixedcolumns"
                            margin="{Boolean}true">
                        <items jcr:primaryType="nt:unstructured">
                            <column
                                    jcr:primaryType="nt:unstructured"
                                    sling:resourceType="granite/ui/components/coral/foundation/container">
                                <items jcr:primaryType="nt:unstructured">

                                    <publish-client-id
                                            jcr:primaryType="nt:unstructured"
                                            sling:resourceType="granite/ui/components/coral/foundation/form/textfield"
                                            emptyText="Enter your Adobe Document Cloud client ID."
                                            fieldDescription="Enter the client ID for your Adobe Document Cloud account registered with your Adobe Acrobat Viewer. This supersedes the any client ID defined in the Adobe PDF Embed API client ID via OSGi configuration."
                                            fieldLabel="Client ID for AEM Publish domain"
                                            name="./publishClientId"/>

                                    <author-client-id
                                            jcr:primaryType="nt:unstructured"
                                            sling:resourceType="granite/ui/components/coral/foundation/form/textfield"
                                            emptyText="Enter your Adobe Document Cloud client ID."
                                            fieldDescription="Enter the client ID for your Adobe Document Cloud account registered with your Adobe Acrobat Viewer. This supersedes the any client ID defined in the Adobe PDF Embed API client ID via OSGi configuration."
                                            fieldLabel="Client ID for AEM Author domain"
                                            name="./authorClientId"/>
                                </items>
                            </column>
                        </items>
                    </general>
                </items>
            </tabs>
        </items>
    </content>
</jcr:root>
