<?xml version="1.0" encoding="UTF-8"?>
<!--
  ~ Asset Share Commons
  ~
  ~ Copyright [2017]  Adobe
  ~
  ~ Licensed under the Apache License, Version 2.0 (the "License");
  ~ you may not use this file except in compliance with the License.
  ~ You may obtain a copy of the License at
  ~
  ~     http://www.apache.org/licenses/LICENSE-2.0
  ~
  ~ Unless required by applicable law or agreed to in writing, software
  ~ distributed under the License is distributed on an "AS IS" BASIS,
  ~ WITHOUT WARRANTIES OR CONDITIONS OF ANY KIND, either express or implied.
  ~ See the License for the specific language governing permissions and
  ~ limitations under the License.
  -->

<jcr:root xmlns:sling="http://sling.apache.org/jcr/sling/1.0" xmlns:granite="http://www.adobe.com/jcr/granite/1.0"
          xmlns:jcr="http://www.jcp.org/jcr/1.0" xmlns:nt="http://www.jcp.org/jcr/nt/1.0" xmlns:cq="http://www.day.com/jcr/cq/1.0"
          jcr:primaryType="nt:unstructured"
          jcr:title="Tags Filter"
          extraClientlibs="[core.wcm.components.form.options.v1.editor,asset-share-commons.author.dialog]"
          sling:resourceType="cq/gui/components/authoring/dialog">
    <content
            granite:class="cmp-options--editor-v1"
            jcr:primaryType="nt:unstructured"
            sling:resourceType="granite/ui/components/coral/foundation/container">
        <items jcr:primaryType="nt:unstructured">
            <options
                    jcr:primaryType="nt:unstructured"
                    sling:resourceType="granite/ui/components/coral/foundation/fixedcolumns"
                    margin="{Boolean}true">
                <items jcr:primaryType="nt:unstructured">
                    <columns
                            jcr:primaryType="nt:unstructured"
                            sling:resourceType="granite/ui/components/coral/foundation/container">
                        <items jcr:primaryType="nt:unstructured">
                            <dialog
                                    granite:class="foundation-layout-util-vmargin"
                                    jcr:primaryType="nt:unstructured"
                                    sling:resourceType="granite/ui/components/coral/foundation/container">
                                <items jcr:primaryType="nt:unstructured">
                                    <tabs
                                            jcr:primaryType="nt:unstructured"
                                            sling:resourceType="granite/ui/components/coral/foundation/tabs"
                                            maxmized="{Boolean}true">
                                        <items jcr:primaryType="nt:unstructured">
                                            <tab1
                                                    jcr:primaryType="nt:unstructured"
                                                    jcr:title="Filter"
                                                    sling:resourceType="granite/ui/components/coral/foundation/fixedcolumns"
                                                    margin="{Boolean}true">
                                                <items jcr:primaryType="nt:unstructured">
                                                    <column
                                                            jcr:primaryType="nt:unstructured"
                                                            sling:resourceType="granite/ui/components/coral/foundation/container">
                                                        <items jcr:primaryType="nt:unstructured">
                                                            <optionTypes
                                                                    granite:class="cmp-options--editor-type-v1"
                                                                    jcr:primaryType="nt:unstructured"
                                                                    sling:resourceType="granite/ui/components/coral/foundation/form/select"
                                                                    fieldDescription="Set the type of the form field."
                                                                    fieldLabel="Type"
                                                                    name="./type">
                                                                <items jcr:primaryType="nt:unstructured">
                                                                    <checkbox
                                                                            jcr:primaryType="nt:unstructured"
                                                                            text="Checkboxes"
                                                                            value="checkbox"/>
                                                                    <radio
                                                                            jcr:primaryType="nt:unstructured"
                                                                            text="Radio buttons"
                                                                            value="radio"/>
                                                                    <slider
                                                                            jcr:primaryType="nt:unstructured"
                                                                            text="Slider"
                                                                            value="slider"/>
                                                                    <toggle
                                                                            jcr:primaryType="nt:unstructured"
                                                                            text="Toggle"
                                                                            value="toggle"/>
                                                                </items>
                                                            </optionTypes>
                                                            <title
                                                                    jcr:primaryType="nt:unstructured"
                                                                    sling:resourceType="granite/ui/components/coral/foundation/form/textfield"
                                                                    fieldDescription="Legend to describe the role of the field."
                                                                    fieldLabel="Title"
                                                                    name="./jcr:title"
                                                                    required="{Boolean}true"/>
                                                            <property
                                                                    jcr:primaryType="nt:unstructured"
                                                                    sling:resourceType="granite/ui/components/coral/foundation/form/select"
                                                                    sling:orderBefore="name"
                                                                    fieldDescription="The name of the field, which is submitted with the form data."
                                                                    fieldLabel="Tags Property"
                                                                    metadataFieldTypes="[tags]"
                                                                    name="./property">
                                                                <datasource
                                                                        jcr:primaryType="nt:unstructured"
                                                                        sling:resourceType="asset-share-commons/data-sources/filterable-properties"/>
                                                            </property>
                                                            <operation
                                                                    granite:class="cmp-form-textfield-types"
                                                                    jcr:primaryType="nt:unstructured"
                                                                    sling:orderBefore="name"
                                                                    sling:resourceType="granite/ui/components/coral/foundation/form/select"
                                                                    fieldLabel="Operation"
                                                                    name="./operation">
                                                                <items jcr:primaryType="nt:unstructured">
                                                                    <equals
                                                                            jcr:primaryType="nt:unstructured"
                                                                            text="Equals"
                                                                            value="equals"/>
                                                                    <unequals
                                                                            jcr:primaryType="nt:unstructured"
                                                                            text="Does not equal"
                                                                            value="unequals"/>
                                                                </items>
                                                            </operation>
                                                            <expanded
                                                                    jcr:primaryType="nt:unstructured"
                                                                    sling:orderBefore="name"
                                                                    sling:resourceType="granite/ui/components/coral/foundation/form/checkbox"
                                                                    fieldDescription="Select if the field set should start in an expanded state (not applicable for drop down)"
                                                                    name="./expanded"
                                                                    text="Start Expanded"
                                                                    value="true"/>
                                                            <source
                                                                    jcr:primaryType="nt:unstructured"
                                                                    sling:hideResource="{Boolean}true"/>
                                                            <fromDatasource
                                                                    jcr:primaryType="nt:unstructured"
                                                                    sling:hideResource="{Boolean}true"/>
                                                            <fromLocal
                                                                    jcr:primaryType="nt:unstructured"
                                                                    sling:hideResource="{Boolean}true"/>
                                                            <fromJson jcr:primaryType="nt:unstructured"
                                                                      sling:hideResource="{Boolean}true"></fromJson>
                                                            <displayOrder
                                                                    granite:class="cmp-options--editor-type-v1"
                                                                    jcr:primaryType="nt:unstructured"
                                                                    sling:resourceType="granite/ui/components/coral/foundation/form/select"
                                                                    fieldDescription="Set the order the tag options are displayed in."
                                                                    fieldLabel="Tags Display Order"
                                                                    name="./displayOrder">
                                                                <items jcr:primaryType="nt:unstructured">
                                                                    <natural
                                                                            jcr:primaryType="nt:unstructured"
                                                                            text="Natural"
                                                                            value="natural"/>
                                                                    <radio
                                                                            jcr:primaryType="nt:unstructured"
                                                                            text="Alphabetical"
                                                                            value="alphabetical"/>
                                                                </items>
                                                            </displayOrder>
                                                            <tags
                                                                    jcr:primaryType="nt:unstructured"
                                                                    sling:resourceType="cq/gui/components/common/tagspicker"
                                                                    fieldLabel="Tags"
                                                                    fieldDescription="Select tags to populate the filter options."
                                                                    metaType="tags"
                                                                    name="./cq:tags"/>
                                                        </items>
                                                    </column>
                                                </items>
                                            </tab1>
                                            <search-behavior-tab
                                                    jcr:primaryType="nt:unstructured"
                                                    sling:resourceType="granite/ui/components/coral/foundation/include"
                                                    path="/apps/asset-share-commons/components/search/common/cq:dialog/tabs/search-behavior"/>
                                        </items>
                                    </tabs>
                                </items>
                            </dialog>
                        </items>
                    </columns>
                </items>
            </options>
        </items>
    </content>
</jcr:root>
