<?xml version="1.0" encoding="UTF-8"?>
<!--
  ~ Asset Share Commons
  ~
  ~ Copyright [2017]  Adobe
  ~
  ~ Licensed under the Apache License, Version 2.0 (the "License");
  ~ you may not use this file except in compliance with the License.
  ~ You may obtain a copy of the License at
  ~
  ~     http://www.apache.org/licenses/LICENSE-2.0
  ~
  ~ Unless required by applicable law or agreed to in writing, software
  ~ distributed under the License is distributed on an "AS IS" BASIS,
  ~ WITHOUT WARRANTIES OR CONDITIONS OF ANY KIND, either express or implied.
  ~ See the License for the specific language governing permissions and
  ~ limitations under the License.
  -->

<jcr:root xmlns:sling="http://sling.apache.org/jcr/sling/1.0" xmlns:granite="http://www.adobe.com/jcr/granite/1.0"
          xmlns:cq="http://www.day.com/jcr/cq/1.0" xmlns:jcr="http://www.jcp.org/jcr/1.0"
          xmlns:nt="http://www.jcp.org/jcr/nt/1.0"
          jcr:primaryType="nt:unstructured"
          jcr:title="Header"
          sling:resourceType="cq/gui/components/authoring/dialog">
    <content
            jcr:primaryType="nt:unstructured"
            sling:resourceType="granite/ui/components/coral/foundation/container">
        <items jcr:primaryType="nt:unstructured">
            <tabs
                    jcr:primaryType="nt:unstructured"
                    sling:resourceType="granite/ui/components/coral/foundation/tabs"
                    maximized="{Boolean}true">
                <items jcr:primaryType="nt:unstructured">
                    <branding
                            jcr:primaryType="nt:unstructured"
                            jcr:title="Branding"
                            sling:resourceType="granite/ui/components/coral/foundation/fixedcolumns"
                            margin="{Boolean}true">
                        <items jcr:primaryType="nt:unstructured">
                            <column
                                    jcr:primaryType="nt:unstructured"
                                    sling:resourceType="granite/ui/components/coral/foundation/container">
                                <items jcr:primaryType="nt:unstructured">
                                    <heading
                                            jcr:primaryType="nt:unstructured"
                                            sling:resourceType="granite/ui/components/coral/foundation/heading"
                                            level="{Long}4"
                                            text="Leave these fields blank to inherit from page hierarchy"/>
                                    <logo-path
                                            jcr:primaryType="nt:unstructured"
                                            sling:resourceType="granite/ui/components/coral/foundation/form/pathfield"
                                            fieldDescription="Path to logo image."
                                            fieldLabel="Logo Path"
                                            name="./logoPath"/>
                                    <site-title
                                            jcr:primaryType="nt:unstructured"
                                            sling:resourceType="granite/ui/components/coral/foundation/form/textfield"
                                            fieldLabel="Site Title"
                                            name="./title"/>

                                    <home-page-path
                                            jcr:primaryType="nt:unstructured"
                                            sling:resourceType="granite/ui/components/coral/foundation/form/pathfield"
                                            fieldDescription="The home page for this Asset Share. When present the Logo will be hyperlinked to this page."
                                            fieldLabel="Home Page Path"
                                            name="./rootPath"
                                            rootPath="/content"/>

                                    <site-title-legacy
                                            jcr:primaryType="nt:unstructured"
                                            sling:resourceType="granite/ui/components/coral/foundation/form/textfield"
                                            fieldDescription="Do not use this field. Please use the Site Title field defined above."
                                            fieldLabel="Site Title (Legacy field)"
                                            emptyText="Do not use this field. Please use the Site Title field above."
                                            disabled="{Boolean}false"
                                            name="./jcr:title"/>
                                </items>
                            </column>
                        </items>
                    </branding>
                    <navigation
                            jcr:primaryType="nt:unstructured"
                            jcr:title="Navigation Menu"
                            sling:resourceType="granite/ui/components/coral/foundation/fixedcolumns"
                            margin="{Boolean}true">
                        <items jcr:primaryType="nt:unstructured">
                            <column
                                    jcr:primaryType="nt:unstructured"
                                    sling:resourceType="granite/ui/components/coral/foundation/container">
                                <items jcr:primaryType="nt:unstructured">
                                    <heading
                                            jcr:primaryType="nt:unstructured"
                                            sling:resourceType="granite/ui/components/coral/foundation/heading"
                                            level="{Long}4"
                                            text="Leave these fields blank to inherit from page hierarchy"/>
                                   <mobile-menu-label
                                            jcr:primaryType="nt:unstructured"
                                            sling:resourceType="granite/ui/components/coral/foundation/form/textfield"
                                            fieldLabel="Mobile Menu Label"
                                            name="./mobileMenuLabel"
                                            required="{Boolean}true"/>
                                    <multi
                                            jcr:primaryType="nt:unstructured"
                                            sling:resourceType="granite/ui/components/coral/foundation/form/multifield"
                                            fieldLabel="Navigation Menu Items"
                                            composite="{Boolean}true">
                                        <field
                                                jcr:primaryType="nt:unstructured"
                                                sling:resourceType="granite/ui/components/coral/foundation/container"
                                                name="./pages">
                                            <items jcr:primaryType="nt:unstructured">
                                                <text
                                                        jcr:primaryType="nt:unstructured"
                                                        sling:resourceType="granite/ui/components/coral/foundation/form/textfield"
                                                        fieldDescription="Text to display in navigation. Leave empty to use Page Title"
                                                        fieldLabel="Link Label"
                                                        name="text"/>
                                                <path
                                                        jcr:primaryType="nt:unstructured"
                                                        sling:resourceType="granite/ui/components/coral/foundation/form/pathfield"
                                                        fieldLabel="Page or URL"
                                                        name="path"
                                                        rootPath="/content"/>
                                            </items>
                                        </field>
                                    </multi>
                                </items>
                            </column>
                        </items>
                    </navigation>
                </items>
            </tabs>
        </items>
    </content>
</jcr:root>
