<?xml version="1.0" encoding="UTF-8"?>
<!--
  ~ Asset Share Commons
  ~
  ~ Copyright [2017]  Adobe
  ~
  ~ Licensed under the Apache License, Version 2.0 (the "License");
  ~ you may not use this file except in compliance with the License.
  ~ You may obtain a copy of the License at
  ~
  ~     http://www.apache.org/licenses/LICENSE-2.0
  ~
  ~ Unless required by applicable law or agreed to in writing, software
  ~ distributed under the License is distributed on an "AS IS" BASIS,
  ~ WITHOUT WARRANTIES OR CONDITIONS OF ANY KIND, either express or implied.
  ~ See the License for the specific language governing permissions and
  ~ limitations under the License.
  -->

<jcr:root xmlns:sling="http://sling.apache.org/jcr/sling/1.0" xmlns:granite="http://www.adobe.com/jcr/granite/1.0"
          xmlns:jcr="http://www.jcp.org/jcr/1.0" xmlns:nt="http://www.jcp.org/jcr/nt/1.0" xmlns:cq="http://www.day.com/jcr/cq/1.0"
          jcr:primaryType="nt:unstructured"
          jcr:title="Sort"
          sling:resourceType="cq/gui/components/authoring/dialog"
          extraClientlibs="[core.wcm.components.form.options.v1.editor]">
    <content
            granite:class="cmp-options--editor-v1"
            jcr:primaryType="nt:unstructured"
            sling:resourceType="granite/ui/components/coral/foundation/container">
        <items jcr:primaryType="nt:unstructured">
            <options
                    jcr:primaryType="nt:unstructured"
                    sling:resourceType="granite/ui/components/coral/foundation/fixedcolumns"
                    margin="{Boolean}true">
                <items jcr:primaryType="nt:unstructured">
                    <columns
                            jcr:primaryType="nt:unstructured"
                            sling:resourceType="granite/ui/components/coral/foundation/container">
                        <items jcr:primaryType="nt:unstructured">
                            <sort
                                    granite:class="foundation-layout-util-vmargin"
                                    jcr:primaryType="nt:unstructured"
                                    sling:resourceType="granite/ui/components/coral/foundation/container">
                                <items jcr:primaryType="nt:unstructured">
                                    <tabs
                                            jcr:primaryType="nt:unstructured"
                                            sling:resourceType="granite/ui/components/coral/foundation/tabs"
                                            maxmized="{Boolean}true">
                                        <items jcr:primaryType="nt:unstructured">
                                            <tab1
                                                    jcr:primaryType="nt:unstructured"
                                                    jcr:title="Sort By"
                                                    sling:resourceType="granite/ui/components/coral/foundation/fixedcolumns"
                                                    margin="{Boolean}true">
                                                <items jcr:primaryType="nt:unstructured">
                                                    <column
                                                            jcr:primaryType="nt:unstructured"
                                                            sling:resourceType="granite/ui/components/coral/foundation/container">
                                                        <items jcr:primaryType="nt:unstructured">
                                                            <properties
                                                                    jcr:primaryType="nt:unstructured"
                                                                    sling:resourceType="granite/ui/components/coral/foundation/form/multifield"
                                                                    composite="{Boolean}true"
                                                                    fieldLabel="Sort By Options"
                                                                    renderReadOnly="{Boolean}true">
                                                                <field
                                                                        granite:class="cmp-options--editor-item-multifield-composite-item coral-Well"
                                                                        jcr:primaryType="nt:unstructured"
                                                                        sling:resourceType="granite/ui/components/coral/foundation/container"
                                                                        name="./items">
                                                                    <items jcr:primaryType="nt:unstructured">
                                                                        <option
                                                                                granite:class="cmp-options--editor-item-multifield-composite-item-container"
                                                                                jcr:primaryType="nt:unstructured"
                                                                                sling:resourceType="granite/ui/components/coral/foundation/container">
                                                                            <items jcr:primaryType="nt:unstructured">
                                                                                <text
                                                                                        jcr:primaryType="nt:unstructured"
                                                                                        sling:resourceType="granite/ui/components/coral/foundation/form/textfield"
                                                                                        fieldLabel="Property"
                                                                                        name="./text"/>
                                                                                <property
                                                                                        jcr:primaryType="nt:unstructured"
                                                                                        sling:resourceType="granite/ui/components/coral/foundation/form/select"
                                                                                        name="./value">
                                                                                    <datasource
                                                                                            jcr:primaryType="nt:unstructured"
                                                                                            sling:resourceType="asset-share-commons/data-sources/orderable-properties"/>
                                                                                </property>
                                                                                <orderby-case
                                                                                  jcr:primaryType="nt:unstructured"
                                                                                  sling:orderBefore="name"
                                                                                  sling:resourceType="granite/ui/components/coral/foundation/form/checkbox"
                                                                                  fieldDescription="Check for case-insensitive sorting. Only use for text (String) properties."
                                                                                  name="./orderByCase"
                                                                                  text="Case-Insensitive Sorting"
                                                                                  value="{Boolean}false"
                                                                                  uncheckedValue="{Boolean}true"/>
                                                                            </items>
                                                                        </option>
                                                                    </items>
                                                                </field>
                                                            </properties>
                                                            <unknown-sort-by-label
                                                                    jcr:primaryType="nt:unstructured"
                                                                    sling:resourceType="granite/ui/components/coral/foundation/form/textfield"
                                                                    fieldLabel="Unknown Sort By Label"
                                                                    fieldDescription="Sort By label to display if the Sort By value (property) is not defined in the above list. This is most-often used if the default sort order is not defined in the Sort component's Sort By Options. Defaults to 'Default'."
                                                                    emptyText="Default"
                                                                    name="./unknownSortBy"/>

                                                        </items>
                                                    </column>
                                                </items>
                                            </tab1>
                                            <tab2
                                                    jcr:primaryType="nt:unstructured"
                                                    jcr:title="Sort Directions"
                                                    sling:resourceType="granite/ui/components/coral/foundation/fixedcolumns"
                                                    margin="{Boolean}true">
                                                <items jcr:primaryType="nt:unstructured">
                                                    <column
                                                            jcr:primaryType="nt:unstructured"
                                                            sling:resourceType="granite/ui/components/coral/foundation/container">
                                                        <items jcr:primaryType="nt:unstructured">
                                                            <ascending-label
                                                                    jcr:primaryType="nt:unstructured"
                                                                    sling:resourceType="granite/ui/components/coral/foundation/form/textfield"
                                                                    emptyText="Ascending"
                                                                    fieldLabel="Ascending Label"
                                                                    name="./ascendingLabel"/>
                                                            <descending-label
                                                                    jcr:primaryType="nt:unstructured"
                                                                    sling:resourceType="granite/ui/components/coral/foundation/form/textfield"
                                                                    emptyText="Descending"
                                                                    fieldLabel="Descending Label"
                                                                    name="./descendingLabel"/>
                                                        </items>
                                                    </column>
                                                </items>
                                            </tab2>
                                            <tab3
                                                    jcr:primaryType="nt:unstructured"
                                                    jcr:title="Search Mechanics"
                                                    sling:resourceType="granite/ui/components/coral/foundation/fixedcolumns"
                                                    margin="{Boolean}true">
                                                <items jcr:primaryType="nt:unstructured">
                                                    <column
                                                            jcr:primaryType="nt:unstructured"
                                                            sling:resourceType="granite/ui/components/coral/foundation/container">
                                                        <items jcr:primaryType="nt:unstructured">
                                                            <auto-search
                                                                    jcr:primaryType="nt:unstructured"
                                                                    sling:orderBefore="name"
                                                                    sling:resourceType="granite/ui/components/coral/foundation/form/checkbox"
                                                                    fieldDescription="Check this field to automatically re-sort via a new search when this value is changed."
                                                                    name="./autoSearch"
                                                                    text="Auto-Search on Change"
                                                                    value="true"/>
                                                        </items>
                                                    </column>
                                                </items>
                                            </tab3>
                                        </items>
                                    </tabs>
                                </items>
                            </sort>
                        </items>
                    </columns>
                </items>
            </options>
        </items>
    </content>
</jcr:root>