<?xml version="1.0" encoding="UTF-8"?>
<!--
  ~ Asset Share Commons
  ~
  ~ Copyright [2017]  Adobe
  ~
  ~ Licensed under the Apache License, Version 2.0 (the "License");
  ~ you may not use this file except in compliance with the License.
  ~ You may obtain a copy of the License at
  ~
  ~     http://www.apache.org/licenses/LICENSE-2.0
  ~
  ~ Unless required by applicable law or agreed to in writing, software
  ~ distributed under the License is distributed on an "AS IS" BASIS,
  ~ WITHOUT WARRANTIES OR CONDITIONS OF ANY KIND, either express or implied.
  ~ See the License for the specific language governing permissions and
  ~ limitations under the License.
  -->

<jcr:root xmlns:sling="http://sling.apache.org/jcr/sling/1.0" xmlns:granite="http://www.adobe.com/jcr/granite/1.0"
          xmlns:cq="http://www.day.com/jcr/cq/1.0" xmlns:jcr="http://www.jcp.org/jcr/1.0"
          xmlns:nt="http://www.jcp.org/jcr/nt/1.0"
          jcr:primaryType="nt:unstructured"
          jcr:title="Title"
          sling:resourceType="cq/gui/components/authoring/dialog"
          extraClientlibs="[assetshare.editor.components.details.metadata]">
    <content
            granite:class="cmp-asset-share-metadata--editor"
            jcr:primaryType="nt:unstructured"
            sling:resourceType="granite/ui/components/coral/foundation/container">
        <items jcr:primaryType="nt:unstructured">
            <tabs
                    jcr:primaryType="nt:unstructured"
                    sling:resourceType="granite/ui/components/coral/foundation/tabs"
                    maximized="{Boolean}true">
                <items jcr:primaryType="nt:unstructured">
                    <title
                            jcr:primaryType="nt:unstructured"
                            jcr:title="Configuration"
                            sling:orderBefore="data-settings"
                            sling:resourceType="granite/ui/components/coral/foundation/fixedcolumns"
                            margin="{Boolean}true">
                        <items jcr:primaryType="nt:unstructured">
                            <column
                                    jcr:primaryType="nt:unstructured"
                                    sling:resourceType="granite/ui/components/coral/foundation/container">
                                <items jcr:primaryType="nt:unstructured">
                                    <return-path
                                            jcr:primaryType="nt:unstructured"
                                            sling:resourceType="granite/ui/components/coral/foundation/form/pathfield"
                                            fieldLabel="Fallback Back Button Link"
                                            fieldDescription="Fallback path used to populate the back button if the originating Search Page cannot be auto-detected. If not provided the closest Asset Share Search Page will be used."
                                            name="./returnPath"
                                            rootPath="/content"/>

                                    <title-property-name
                                            jcr:primaryType="nt:unstructured"
                                            sling:resourceType="granite/ui/components/coral/foundation/form/select"
                                            fieldDescription="Metadata property name to populate the title field. If left blank, uses the 'title' computed property."
                                            fieldLabel="Title Property"
                                            noneText="(Empty)"
                                            noneValue=""
                                            name="./propertyName">
                                        <datasource
                                                jcr:primaryType="nt:unstructured"
                                                sling:resourceType="asset-share-commons/data-sources/metadata-schema-properties"/>
                                    </title-property-name>

                                </items>
                            </column>
                        </items>
                    </title>
                </items>
            </tabs>
        </items>
    </content>
</jcr:root>
