<?xml version="1.0" encoding="UTF-8"?>
<!--
  ~ Asset Share Commons
  ~
  ~ Copyright [2017]  Adobe
  ~
  ~ Licensed under the Apache License, Version 2.0 (the "License");
  ~ you may not use this file except in compliance with the License.
  ~ You may obtain a copy of the License at
  ~
  ~     http://www.apache.org/licenses/LICENSE-2.0
  ~
  ~ Unless required by applicable law or agreed to in writing, software
  ~ distributed under the License is distributed on an "AS IS" BASIS,
  ~ WITHOUT WARRANTIES OR CONDITIONS OF ANY KIND, either express or implied.
  ~ See the License for the specific language governing permissions and
  ~ limitations under the License.
  -->

<jcr:root xmlns:sling="http://sling.apache.org/jcr/sling/1.0" xmlns:granite="http://www.adobe.com/jcr/granite/1.0" xmlns:cq="http://www.day.com/jcr/cq/1.0" xmlns:jcr="http://www.jcp.org/jcr/1.0" xmlns:nt="http://www.jcp.org/jcr/nt/1.0"
    jcr:primaryType="nt:unstructured"
    jcr:title="Search Bar"
    sling:resourceType="cq/gui/components/authoring/dialog">
    <content
        granite:class="cmp-form-textfield-editDialog"
        jcr:primaryType="nt:unstructured"
        sling:resourceType="granite/ui/components/coral/foundation/container">
        <items jcr:primaryType="nt:unstructured">
            <tabs
                jcr:primaryType="nt:unstructured"
                sling:resourceType="granite/ui/components/coral/foundation/tabs">
                <items jcr:primaryType="nt:unstructured">
                    <tab-1
                        jcr:primaryType="nt:unstructured"
                        jcr:title="Field Settings"
                        sling:resourceType="granite/ui/components/coral/foundation/fixedcolumns"
                        margin="{Boolean}true">
                        <items jcr:primaryType="nt:unstructured">
                            <column
                                jcr:primaryType="nt:unstructured"
                                sling:resourceType="granite/ui/components/coral/foundation/container">
                                <items jcr:primaryType="nt:unstructured">
                                    <ai-search
                                            jcr:primaryType="nt:unstructured"
                                            sling:resourceType="granite/ui/components/coral/foundation/form/checkbox"
                                            name="./aiSearch"
                                            fieldDescription="Enable AI search for full-text search. Your AEM as a Cloud Service program must be enabled for AI Search for this work."
                                            text="Enable AI Search"
                                            value="true">
                                        <granite:rendercondition
                                                jcr:primaryType="nt:unstructured"
                                                sling:resourceType="asset-share-commons/authoring/renderconditions/ai-search"/>
                                    </ai-search>
                                    <field-type
                                        jcr:primaryType="nt:unstructured"
                                        sling:resourceType="granite/ui/components/coral/foundation/form/hidden"
                                        name="./type"
                                        value="text"/>
                                    <placeholder
                                        jcr:primaryType="nt:unstructured"
                                        sling:resourceType="granite/ui/components/coral/foundation/form/textfield"
                                        fieldDescription="Placeholder to display in search field."
                                        fieldLabel="Placeholder Text"
                                        name="./placeholder"/>
                                    <hide-button
                                        jcr:primaryType="nt:unstructured"
                                        sling:resourceType="granite/ui/components/coral/foundation/form/checkbox"
                                        name="./hideButton"
                                        fieldDescription="The search can still be submitted by pressing enter in the search field."
                                        text="Hide the Search Button"
                                        value="true"/>
                                    <button-label
                                        jcr:primaryType="nt:unstructured"
                                        sling:resourceType="granite/ui/components/coral/foundation/form/textfield"
                                        fieldDescription="Text value to display on the button."
                                        fieldLabel="Button Label"
                                        name="./buttonLabel"/>
                                </items>
                            </column>
                        </items>
                    </tab-1>
                </items>
            </tabs>
        </items>
    </content>
</jcr:root>
