<jcr:root jcr:primaryType="nt:unstructured" jcr:title="Asset kit replicator (Asset Share Commons)"
          helpPath="https://opensource.adobe.com/asset-share-commons/pages/asset-kit/workflows.html"
          sling:resourceType="cq/gui/components/authoring/dialog" xmlns:sling="http://sling.apache.org/jcr/sling/1.0"
          xmlns:cq="http://www.day.com/jcr/cq/1.0" xmlns:jcr="http://www.jcp.org/jcr/1.0"
          xmlns:nt="http://www.jcp.org/jcr/nt/1.0">
    <content jcr:primaryType="nt:unstructured" sling:resourceType="granite/ui/components/coral/foundation/tabs">
        <items jcr:primaryType="nt:unstructured">
            <common jcr:primaryType="nt:unstructured" cq:hideOnEdit="true"/>
            <process jcr:primaryType="nt:unstructured" cq:hideOnEdit="true"/>
            <processcommon jcr:primaryType="nt:unstructured" jcr:title="Common"
                           sling:resourceType="granite/ui/components/coral/foundation/fixedcolumns">
                <items jcr:primaryType="nt:unstructured">
                    <column jcr:primaryType="nt:unstructured"
                            sling:resourceType="granite/ui/components/coral/foundation/container">
                        <items jcr:primaryType="nt:unstructured">
                            <basic jcr:primaryType="nt:unstructured"
                                   sling:resourceType="granite/ui/components/coral/foundation/form/fieldset">
                                <items jcr:primaryType="nt:unstructured">
                                    <title jcr:primaryType="nt:unstructured"
                                           sling:resourceType="granite/ui/components/coral/foundation/form/textfield"
                                           disabled="false" fieldLabel="Title" name="./jcr:title"/>
                                    <description jcr:primaryType="nt:unstructured"
                                                 sling:resourceType="granite/ui/components/coral/foundation/form/textarea"
                                                 disabled="false" fieldLabel="Description" name="./jcr:description"/>
                                </items>
                            </basic>
                            <advanced jcr:primaryType="nt:unstructured" jcr:title="Advanced Settings"
                                      sling:resourceType="granite/ui/components/coral/foundation/form/fieldset">
                                <items jcr:primaryType="nt:unstructured">
                                    <advance jcr:primaryType="nt:unstructured"
                                             sling:resourceType="granite/ui/components/coral/foundation/form/checkbox"
                                             fieldDescription="Check if your handler will advance to the next step."
                                             fieldLabel="Handler Advance" name="./metaData/PROCESS_AUTO_ADVANCE"
                                             text="Handler Advance" value="true"/>
                                </items>
                            </advanced>
                        </items>
                    </column>
                </items>
            </processcommon>
            <processargs jcr:primaryType="nt:unstructured" jcr:title="Arguments"
                         sling:resourceType="granite/ui/components/coral/foundation/fixedcolumns">
                <items jcr:primaryType="nt:unstructured">
                    <column jcr:primaryType="nt:unstructured"
                            sling:resourceType="granite/ui/components/coral/foundation/container">
                        <items jcr:primaryType="nt:unstructured">
                            <arguments jcr:primaryType="nt:unstructured" jcr:title="Asset kit replicator configuration"
                                       sling:resourceType="granite/ui/components/coral/foundation/form/fieldset">
                                <items jcr:primaryType="nt:unstructured">

                                    <replication-activation-type jcr:primaryType="nt:unstructured"
                                                            sling:resourceType="granite/ui/components/coral/foundation/form/select"
                                                            fieldLabel="Replication action type"
                                                            required="{Boolean}true"
                                                            name="./metaData/REPLICATION_ACTION_TYPE">
                                        <items jcr:primaryType="nt:unstructured">
                                            <activate
                                                    jcr:primaryType="nt:unstructured"
                                                    text="Activate"
                                                    value="ACTIVATE"/>
                                            <deactivate
                                                    jcr:primaryType="nt:unstructured"
                                                    text="Deactivate"
                                                    value="DEACTIVATE"/>
                                        </items>
                                    </replication-activation-type>

                                </items>
                            </arguments>
                        </items>
                    </column>
                </items>
            </processargs>
            <workflow-process jcr:primaryType="nt:unstructured"
                              sling:resourceType="granite/ui/components/coral/foundation/form/hidden"
                              cq:hideOnEdit="true"
                              name="./metaData/PROCESS"
                              value="com.adobe.aem.commons.assetshare.workflow.assetkit.impl.AssetKitReplicationWorkflowProcess"/>

        </items>
    </content>
</jcr:root>