<?xml version="1.0" encoding="UTF-8"?>
<!--
  ~ Asset Share Commons
  ~
  ~ Copyright [2017]  Adobe
  ~
  ~ Licensed under the Apache License, Version 2.0 (the "License");
  ~ you may not use this file except in compliance with the License.
  ~ You may obtain a copy of the License at
  ~
  ~     http://www.apache.org/licenses/LICENSE-2.0
  ~
  ~ Unless required by applicable law or agreed to in writing, software
  ~ distributed under the License is distributed on an "AS IS" BASIS,
  ~ WITHOUT WARRANTIES OR CONDITIONS OF ANY KIND, either express or implied.
  ~ See the License for the specific language governing permissions and
  ~ limitations under the License.
  -->

<jcr:root xmlns:jcr="http://www.jcp.org/jcr/1.0" xmlns:nt="http://www.jcp.org/jcr/nt/1.0" xmlns:cq="http://www.day.com/jcr/cq/1.0"
          jcr:primaryType="nt:unstructured"
          assetListTitle="Assets"
          cancelButton="Cancel"
          downloadButton="Download"
          downloadOptionsTitle="Download options"
          modalTitle="Download"
          fileName="Assets"
          archiveNameExpression="Asset Archive (${asset.count} assets)"
          selectAllLabel="Select all"
          maxContentSizeMessage="Maximum content size of download exceeded."
          noContentFileName="NO DOWNLOADABLE RENDITIONS.txt"
          noContentMessage="Sorry, we could not find any downloadable files for the selected assets/renditions combinations.">
    <asset-renditions-groups
            jcr:primaryType="nt:unstructured">
        <items
                jcr:primaryType="nt:unstructured">
            <item0
                    jcr:primaryType="nt:unstructured"
                    assetRenditionsGroupTitle="All assets">
                <asset-renditions
                        jcr:primaryType="nt:unstructured">
                    <items
                            jcr:primaryType="nt:unstructured">
                        <item1
                                jcr:primaryType="nt:unstructured"
                                text="Original"
                                value="original"/>
                    </items>
                </asset-renditions>
            </item0>
            <item0
                    jcr:primaryType="nt:unstructured"
                    assetRenditionsGroupTitle="Images">
                <asset-renditions
                        jcr:primaryType="nt:unstructured">
                    <items
                            jcr:primaryType="nt:unstructured">
                        <item0
                                jcr:primaryType="nt:unstructured"
                                text="Web"
                                value="web"/>
                    </items>
                </asset-renditions>
            </item0>
        </items>
    </asset-renditions-groups>
</jcr:root>
