<?xml version="1.0" encoding="UTF-8"?>
<!--
  ~ Asset Share Commons
  ~
  ~ Copyright [2017]  Adobe
  ~
  ~ Licensed under the Apache License, Version 2.0 (the "License");
  ~ you may not use this file except in compliance with the License.
  ~ You may obtain a copy of the License at
  ~
  ~     http://www.apache.org/licenses/LICENSE-2.0
  ~
  ~ Unless required by applicable law or agreed to in writing, software
  ~ distributed under the License is distributed on an "AS IS" BASIS,
  ~ WITHOUT WARRANTIES OR CONDITIONS OF ANY KIND, either express or implied.
  ~ See the License for the specific language governing permissions and
  ~ limitations under the License.
  -->

<jcr:root xmlns:sling="http://sling.apache.org/jcr/sling/1.0" xmlns:granite="http://www.adobe.com/jcr/granite/1.0" xmlns:cq="http://www.day.com/jcr/cq/1.0" xmlns:jcr="http://www.jcp.org/jcr/1.0" xmlns:nt="http://www.jcp.org/jcr/nt/1.0"
    jcr:primaryType="nt:unstructured"
    jcr:title="Search Statistics"
    sling:resourceType="cq/gui/components/authoring/dialog"
    extraClientlibs="[core.wcm.components.form.text.v1.editor]">
    <content
        granite:class="cmp-form-textfield-editDialog"
        jcr:primaryType="nt:unstructured"
        sling:resourceType="granite/ui/components/coral/foundation/container">
        <items jcr:primaryType="nt:unstructured">
            <tabs
                jcr:primaryType="nt:unstructured"
                sling:resourceType="granite/ui/components/coral/foundation/tabs"
                maxmized="{Boolean}true">
                <items jcr:primaryType="nt:unstructured">
                    <tab-1
                        jcr:primaryType="nt:unstructured"
                        jcr:title="Labels"
                        sling:resourceType="granite/ui/components/coral/foundation/fixedcolumns"
                        margin="{Boolean}true">
                        <items jcr:primaryType="nt:unstructured">
                            <column
                                jcr:primaryType="nt:unstructured"
                                sling:resourceType="granite/ui/components/coral/foundation/container">
                                <items jcr:primaryType="nt:unstructured">
                                    <running-total-label
                                            jcr:primaryType="nt:unstructured"
                                            sling:resourceType="granite/ui/components/coral/foundation/form/textfield"
                                            fieldLabel="Running Total Label"
                                            emptyText="Displayed"
                                            name="./runningTotalLabel"
                                            required="{Boolean}true"/>
                                    <total-label
                                            jcr:primaryType="nt:unstructured"
                                            sling:resourceType="granite/ui/components/coral/foundation/form/textfield"
                                            fieldLabel="Total Label"
                                            name="./totalLabel"
                                            emptyText="Total"
                                            required="{Boolean}true"/>
                                    <hide-time-taken
                                            jcr:primaryType="nt:unstructured"
                                            sling:resourceType="granite/ui/components/coral/foundation/form/checkbox"
                                            name="./hideTimeTaken"
                                            fieldDescription="Hide the time taken statistic."
                                            text="Hide Time Taken"
                                            value="true"/>
                                    <time-taken-label
                                            jcr:primaryType="nt:unstructured"
                                            sling:resourceType="granite/ui/components/coral/foundation/form/textfield"
                                            fieldLabel="Time Taken Label"
                                            name="./timeTakenLabel"
                                            emptyText="Milliseconds"
                                            required="{Boolean}true"/>
                                </items>
                            </column>
                        </items>
                    </tab-1>
                </items>
            </tabs>
        </items>
    </content>
</jcr:root>
