<?xml version="1.0" encoding="UTF-8"?>
<!--
  ~ Asset Share Commons
  ~
  ~ Copyright [2017]  Adobe
  ~
  ~ Licensed under the Apache License, Version 2.0 (the "License");
  ~ you may not use this file except in compliance with the License.
  ~ You may obtain a copy of the License at
  ~
  ~     http://www.apache.org/licenses/LICENSE-2.0
  ~
  ~ Unless required by applicable law or agreed to in writing, software
  ~ distributed under the License is distributed on an "AS IS" BASIS,
  ~ WITHOUT WARRANTIES OR CONDITIONS OF ANY KIND, either express or implied.
  ~ See the License for the specific language governing permissions and
  ~ limitations under the License.
  -->

<jcr:root xmlns:sling="http://sling.apache.org/jcr/sling/1.0" xmlns:granite="http://www.adobe.com/jcr/granite/1.0"
          xmlns:cq="http://www.day.com/jcr/cq/1.0" xmlns:jcr="http://www.jcp.org/jcr/1.0"
          xmlns:nt="http://www.jcp.org/jcr/nt/1.0"
          jcr:primaryType="nt:unstructured"
          jcr:title="Asset Details Configuration"
          sling:resourceType="granite/ui/components/coral/foundation/fixedcolumns">
    <items jcr:primaryType="nt:unstructured">
        <column
                jcr:primaryType="nt:unstructured"
                sling:resourceType="granite/ui/components/coral/foundation/container">
            <items jcr:primaryType="nt:unstructured">
                <fieldset
                        jcr:primaryType="nt:unstructured"
                        jcr:title="Asset Details Configuration"
                        sling:resourceType="granite/ui/components/coral/foundation/form/fieldset">
                    <items jcr:primaryType="nt:unstructured">

                        <asset-details-selector
                                jcr:primaryType="nt:unstructured"
                                sling:resourceType="granite/ui/components/coral/foundation/form/select"
                                emptyText="Choose an asset details page selector"
                                fieldLabel="Asset Details Page Selector"
                                required="{Boolean}true"
                                name="./config/asset-details/selector">
                            <datasource
                                    jcr:primaryType="nt:unstructured"
                                    sling:resourceType="asset-share-commons/data-sources/asset-details-selectors"/>
                        </asset-details-selector>

                        <default-asset-details-path
                                jcr:primaryType="nt:unstructured"
                                sling:resourceType="granite/ui/components/coral/foundation/form/pathfield"
                                fieldLabel="Default Asset Details Page"
                                fieldDescription="Path to the default details page for displaying asset details. This is used if no Asset Details Page Selector can accept the asset."
                                name="./config/asset-details/defaultPath"
                                rootPath="/content"
                                required="true"/>

                        <asset-details-asset-reference-by-id
                                jcr:primaryType="nt:unstructured"
                                sling:resourceType="granite/ui/components/coral/foundation/form/checkbox"
                                text="Reference assets by ID"
                                fieldDescription="Reference assets on asset details pages by ID, rather than path. When unchecked, the asset path is used."
                                name="./config/asset-details/assetReferenceById"
                                uncheckedValue="{Boolean}false"
                                value="{Boolean}true"/>

                        <placeholder-asset-path
                                jcr:primaryType="nt:unstructured"
                                sling:resourceType="granite/ui/components/coral/foundation/form/pathfield"
                                fieldLabel="Placeholder Asset"
                                fieldDescription="Path to the default asset details placeholder image. Placeholder assets are only to aid in authoring."
                                name="./config/asset-details/placeholderPath"
                                rootPath="/"
                                required="true"/>
                    </items>
                </fieldset>
            </items>
        </column>
    </items>
</jcr:root>
